Name,UID,Condensate Type,Species Tax Id,Proteins,DNA,RNA,C-mods,Condensatopathy,Confidence Score
"53BP1 Mitotic Stress Body (MSBs)","E12AB6E0","biomolecular","9606","3","Yes","No","No","No","4"
"ABC transporter condensate","F227C2BF","biomolecular","246196","1","No","No","No","No","5"
"ABC transporter condensate","7C7190F1","biomolecular","83332","1","No","No","No","No","5"
"A-bodies","6A1B29D1","biomolecular","9606","2","No","Yes","Yes","Yes","4"
"Actin nucleator","2F083DFF","biomolecular","9606","1","No","No","No","No","3"
"Aggresome","3A3AD14F","biomolecular","83333","6","No","No","No","No","5"
"Als5p amyloid","0971622F","biomolecular","237561","1","No","No","No","No","5"
"ALYREF condensates","1AE015A9","biomolecular","9606","1","No","No","Yes","Yes","5"
"Anisosome","BEB5E62D","biomolecular","9606","6","No","No","Yes","No","4"
"Ankle Link Complex (ALC) Condensate","F80F25AF","biomolecular","10090","3","No","No","No","No","5"
"ArgBP2 dendritic spine condensate","4DFA2D97","biomolecular","9606","1","No","No","No","No","4"
"Arsenite-induced Necrosome","1C395EBB","biomolecular","10090","4","No","No","No","No","4"
"Arsenite-induced Necrosome","507A56A0","biomolecular","9606","3","No","Yes","No","No","4"
"Assemblysome","70C83BD2","biomolecular","9606","1","No","Yes","No","No","4"
"ATG4B condensate","BE404912","biomolecular","9606","1","No","Yes","Yes","Yes","4"
"ATG condensate","4F15E4D1","biomolecular","559292","5","No","No","No","No","5"
"BAG2","4E66F2E3","biomolecular","9606","1","No","No","No","No","4"
"Balbiani body","2B1872D5","biomolecular","9606","3","No","No","No","No","4"
"Balbiani body","DD98A56E","biomolecular","7955","11","No","Yes","No","No","5"
"BAZ2A bodies","7EC836B8","biomolecular","10090","1","Yes","Yes","No","No","5"
"Beta-Catenin Destruction Complex","7FF4107C","biomolecular","9606","6","No","No","No","No","4"
"Birc5b assembly","6EB88474","biomolecular","7955","1","No","Yes","No","No","5"
"BMP2K condensate","AF4EAC9D","biomolecular","9606","1","No","No","No","No","4"
"BR-body","AE6B9C0B","biomolecular","266834","1","No","Yes","No","No","5"
"BR-body","30A41936","biomolecular","224308","1","No","No","No","No","5"
"BR-body","D9D495C7","biomolecular","358","1","No","Yes","No","No","5"
"BR-body","EF55C906","biomolecular","190650","7","No","Yes","No","No","2"
"BR-body","C929E7F0","biomolecular","544406","3","No","Yes","No","No","5"
"BR-body","F499BD52","biomolecular","1111708","1","No","Yes","No","No","5"
"BRD4 condensate","634C353E","biomolecular","9606","3","No","Yes","Yes","No","4"
"Cajal body","21DC7D43","biomolecular","7227","2","No","Yes","No","No","5"
"Cajal body","26FE9D3B","biomolecular","7955","2","No","Yes","No","No","5"
"Cajal body","6F24707C","biomolecular","9606","76","No","Yes","Yes","Yes","1"
"Cajal body","8BEB9125","biomolecular","10090","8","No","Yes","No","No","3"
"Cajal body","7EEC7AD8","biomolecular","10116","2","No","No","No","No","4"
"Carboxysome","D5B33633","biomolecular","1140","1","No","No","No","No","5"
"cBAF condensate","4749EA78","biomolecular","9606","4","Yes","No","No","No","3"
"Ccer1 condensate","AEAC39F1","biomolecular","10090","2","Yes","No","No","No","4"
"CCR4-NOT1 complex","5F357AD4","biomolecular","39947","1","No","No","No","No","5"
"CEBPZ condensates","904EB3AA","biomolecular","9606","3","No","No","Yes","Yes","3"
"Centrosome","09A0EAB5","biomolecular","8364","1","No","No","No","No","1"
"Centrosome","876000F7","biomolecular","559292","88","No","No","No","No","1"
"Centrosome","576F0A76","biomolecular","284812","48","No","No","No","No","1"
"Centrosome","7B3AF3B0","biomolecular","8355","4","No","Yes","No","No","2"
"Centrosome","2838EF58","biomolecular","7227","70","No","Yes","No","No","1"
"Centrosome","33FCD62D","biomolecular","3702","35","No","No","No","No","1"
"Centrosome","8C2F96ED","biomolecular","9606","552","No","Yes","No","No","1"
"Centrosome","1E117272","biomolecular","6239","30","No","Yes","No","No","1"
"Centrosome","01CA17F3","biomolecular","10090","137","No","Yes","No","No","1"
"cGAS foci","394AC681","biomolecular","10090","1","Yes","No","No","No","1"
"cGAS foci","1A0B17A6","biomolecular","9606","3","Yes","No","Yes","No","1"
"Chloroplast Stress granule","34B41364","biomolecular","3055","1","No","Yes","No","No","5"
"Chloroplast Stress granule","4F8E82B6","biomolecular","3702","5","No","Yes","No","No","5"
"Chromatoid body","278829DE","biomolecular","9606","5","No","No","No","No","1"
"Chromatoid body","DE1E139C","biomolecular","10090","85","No","Yes","No","No","1"
"Chromatoid body","246D7041","biomolecular","10116","19","No","Yes","No","No","1"
"Chromogranin condensates","2ECFBB9C","biomolecular","9606","1","No","No","No","No","4"
"Chromogranin condensates","ED8FE918","biomolecular","10116","1","No","No","No","No","4"
"Chromogranin condensates","A6D16FCC","biomolecular","10090","1","No","No","No","No","4"
"Cleavage body","6F9FB6EF","biomolecular","9606","3","No","No","No","No","4"
"Cobl condensate","7B858B7A","biomolecular","10090","1","No","No","No","No","4"
"Cojusome","AC60E16F","biomolecular","5911","1","No","No","No","No","4"
"Contractile ring condensate","5B76C479","biomolecular","284812","1","No","No","No","No","3"
"Cpeb1b-Pabpc1b-shh Condensate","324C50AA","biomolecular","7955","3","No","Yes","No","No","5"
"CPEB4 granule","E0732220","biomolecular","8355","1","No","Yes","No","No","5"
"CRY2/SPA1/FIO1 condensate","26C7BC93","biomolecular","3702","3","No","Yes","No","No","5"
"Cytoplasmic bodies","1C4BF022","biomolecular","9606","3","No","No","No","No","4"
"Cytoplasmic protein granule","444FFC0C","biomolecular","7227","2","No","No","No","No","1"
"Cytoplasmic protein granule","CE67A724","biomolecular","559292","3","No","No","No","No","1"
"Cytoplasmic viral factory","0E37FC39","biomolecular","11285","3","No","No","No","No","4"
"cytoplasmic Virion Assembly Compartments (cVACs)","217616E8","infectious","9606","4","Yes","Yes","No","No","4"
"DDR1 condensate","9A00E86C","biomolecular","10090","2","No","No","No","No","2"
"DDX1 body","5B6CCA73","biomolecular","9606","2","No","No","No","No","4"
"Ddx3xb condensates","6EFBB8DD","biomolecular","7955","1","No","Yes","No","No","5"
"Degradosome","DB817387","biomolecular","83333","12","No","Yes","No","No","5"
"Dense fibrillar component","BCA0D336","biomolecular","6239","1","No","No","No","No","5"
"Dense fibrillar component","56BF1CA9","biomolecular","7227","1","No","No","No","No","5"
"Dense Fibrillar Component","08386919","biomolecular","9606","8","Yes","Yes","No","No","4"
"Dense Fibrillar Component","0640DAB7","biomolecular","10090","1","No","Yes","No","No","4"
"D-granule","7BB9AA6C","biomolecular","10090","1","No","No","No","No","4"
"DHX9 Stress Granules","A40D6D0A","biomolecular","9606","12","No","Yes","No","No","4"
"Dishevelled condensate","EEA9CF61","biomolecular","9606","1","No","No","No","No","4"
"DNA damage foci","C555D4ED","biomolecular","559292","1","Yes","No","No","No","1"
"DNA damage foci","A0DCDA94","biomolecular","9606","22","Yes","Yes","Yes","Yes","1"
"Dps condensate","F3B1DD1E","biomolecular","83333","1","Yes","No","No","No","5"
"DVL2 condensates","DA9A581A","biomolecular","9606","1","No","No","No","No","4"
"DYRK3 speckle","8908B6CB","biomolecular","9606","1","No","No","No","No","1"
"EB1F condensate","3CA9DEF4","biomolecular","10090","1","No","No","No","No","4"
"Ede1 condensate","E019EF73","biomolecular","559292","11","No","No","No","No","5"
"eIF5B granules","39517448","biomolecular","9606","1","No","Yes","No","No","4"
"Elastin granule","BB244C6C","biomolecular","9606","1","No","No","No","No","5"
"ELVA","8F289D40","biomolecular","10090","13","No","No","No","No","2"
"EML4-ALK condensates","200B29C3","biomolecular","9606","1","No","No","Yes","No","4"
"Endocytic condensates","18F6A7CA","biomolecular","559292","3","No","No","No","No","5"
"Enhancer cluster","7F36219C","biomolecular","9606","1","Yes","No","No","No","4"
"Enzyme_shell proteins condensates","92BB331A","biomolecular","99287","2","No","No","No","No","3"
"ERES","1EF72FBA","biomolecular","9606","8","No","No","No","No","4"
"ESCRTs","290133E7","biomolecular","559292","1","No","No","No","No","3"
"Euchromatin","F5FE5C72","biomolecular","9606","1","Yes","No","No","No","1"
"Euchromatin","9638259C","biomolecular","9031","1","Yes","No","No","No","3"
"eukaryotic topoisomerase ii","BA0A263B","biomolecular","0","2","Yes","No","No","No","3"
"EWS-FLI1","D3EAE6DE","biomolecular","9606","2","Yes","No","No","Yes","1"
"FATZ-1 condensate","ED61D366","biomolecular","9606","1","No","No","No","No","3"
"Ferritin-NCOA4 condensate","ECAD3DEA","biomolecular","9606","3","No","No","No","No","4"
"focal adhesion (FA) condensate","009021FA","biomolecular","9606","3","No","No","No","No","4"
"Founder granule","D1D776A9","biomolecular","7227","1","No","Yes","No","No","5"
"FRQ condensate","BCF8C0FA","biomolecular","367110","1","No","No","No","No","5"
"FtsZ condensate","E92D4409","biomolecular","83333","1","No","No","No","No","1"
"FtsZ/SlmA body","D447D79E","biomolecular","83333","2","No","No","No","No","1"
"Fus1 condensate","92813D3C","biomolecular","284812","1","No","No","No","No","5"
"FXR1 condensates","0A37FC0B","biomolecular","10090","1","No","Yes","No","No","5"
"FXR-driven SARS-CoV-2 condensate","CD2044AE","infectious","9606","5","No","No","No","No","4"
"Galectin complex","F47B63CC","biomolecular","9606","1","No","No","No","No","5"
"G-body","0F56F502","biomolecular","559292","5","No","Yes","No","No","1"
"GCRV viroplasm","5FC38D49","infectious","7959","13","No","Yes","No","Yes","4"
"Germ granule","E603CCA4","biomolecular","9606","2","Yes","No","No","Yes","3"
"Germ granule","0E1CE0E6","biomolecular","7955","3","No","Yes","No","No","1"
"Germ granule","1DA11FFF","biomolecular","7227","9","No","Yes","No","No","5"
"Golgin condensate","F3208D05","biomolecular","9606","7","No","No","No","No","1"
"Golgi ribbon","AD8D327D","biomolecular","9606","1","No","Yes","No","No","5"
"Granular component","80B4651A","biomolecular","9606","1","No","Yes","No","No","4"
"Granular component","2425F50D","biomolecular","10090","1","No","Yes","No","No","4"
"GW-body","9DBB3093","biomolecular","9606","3","No","Yes","No","No","0"
"Heterochromatin","B57B8AD8","biomolecular","9606","2","Yes","No","Yes","No","2"
"Heterochromatin","1CF1AEDA","biomolecular","7227","1","Yes","No","No","No","1"
"Heterochromatin","DFEC0B67","biomolecular","7244","1","No","No","No","No","1"
"Heterochromatin","443AEDFE","biomolecular","10090","2","Yes","No","No","No","4"
"Heterochromatin","678F8DAA","biomolecular","284812","1","Yes","No","No","No","5"
"Heterochromatin","8F2F7B5C","biomolecular","3702","3","Yes","No","No","No","5"
"Hippo signalosome","B15FE1AF","biomolecular","9606","7","No","No","No","No","4"
"Histone Locus Body","50782855","biomolecular","10090","2","No","No","No","No","1"
"Histone Locus Body","49BCF3D0","biomolecular","7227","4","No","Yes","No","No","1"
"Histone Locus Body","7137E280","biomolecular","7955","1","No","Yes","No","No","5"
"Histone Locus Body","24B72B50","biomolecular","9606","8","Yes","Yes","No","No","1"
"HIV core condensate","C4086E78","infectious","9606","3","No","No","No","Yes","4"
"HSP condensate","26D57712","biomolecular","44689","1","No","No","No","No","4"
"Htt inclusion","518B4F3F","biomolecular","9606","1","No","Yes","No","No","1"
"Htt inclusion","BA10A4D8","biomolecular","559292","2","No","No","No","No","5"
"Hypersomatic shock foci","67785C55","biomolecular","559292","17","No","No","No","No","1"
"IFN-I transcriptional condensate","02F8D883","biomolecular","9606","2","No","No","Yes","No","4"
"IMC (intermitochondrial cement)","225F9C97","biomolecular","9606","1","No","Yes","No","No","4"
"IMP1 RNP granule","F85A2E29","biomolecular","9606","39","No","Yes","No","No","1"
"Inclusion body","A617D9CE","infectious","60711","6","No","No","No","No","4"
"Inclusion body","21EC1620","infectious","9606","4","No","No","No","No","4"
"Inclusion body","650D5353","infectious","10090","3","No","No","No","Yes","4"
"Inclusion body","48B2925C","infectious","9606","3","No","No","No","No","4"
"Inclusion body","BAEB8AFB","infectious","60711","1","No","Yes","No","No","1"
"Inclusion body","58CF0D80","infectious","9913","2","No","No","No","No","4"
"Inclusion Body","5FD407E4","infectious","4100","3","No","No","No","No","4"
"Inclusion Body","92167BAE","infectious","10036","1","No","Yes","No","No","4"
"inclusion body-associated granule (IBAG)","64BFB8C8","infectious","60711","2","No","No","No","No","2"
"inclusion body-associated granule (IBAG)","3190BB68","infectious","9606","7","No","Yes","No","No","4"
"Inflammasome","975B8A70","biomolecular","9606","2","No","No","No","No","2"
"Insulator body","5A480847","biomolecular","7227","8","Yes","No","No","No","1"
"Insulin/IGF-1 signalosomes","1041FAE8","biomolecular","9606","1","No","No","No","No","4"
"Junctional condensate","CCFFAF5A","biomolecular","9606","5","No","No","No","No","4"
"KAT8-IRF1 condensate","FF7BB011","biomolecular","9606","2","No","No","No","No","5"
"LANA body","DABB4E53","infectious","9607","2","Yes","No","No","Yes","4"
"Large dense-core vesicles","D1D0EBED","biomolecular","9606","1","No","No","No","No","5"
"L-bodies","51D14917","biomolecular","8355","10","No","Yes","No","No","2"
"LEF1/Beta-catenin condensate","53379B70","biomolecular","9606","2","No","No","No","No","4"
"Leucocyte nuclear body","462A97B5","biomolecular","9606","21","No","No","No","No","0"
"MARDO","089DA44D","biomolecular","10090","5","No","Yes","No","No","5"
"MARDO","51FB48F6","biomolecular","9606","2","No","No","No","No","4"
"McdB condensate","42CE018A","biomolecular","1140","2","No","No","No","No","3"
"MEF2D Condensate","56273AEF","biomolecular","10090","1","No","No","No","No","4"
"MegaTrans enhancer complex","ECBAC048","biomolecular","9606","2","Yes","No","No","No","1"
"METTL14 condensate","7C7AA953","biomolecular","10090","1","No","No","No","No","1"
"MEX3B granule","CA00D4B7","biomolecular","9606","1","No","No","No","No","1"
"Midbody Granule","B3A0EABC","biomolecular","9606","7","No","Yes","No","No","4"
"Mimi granules","E7B423DE","biomolecular","7227","3","No","Yes","No","No","5"
"miRISC condensate","C5843A5F","biomolecular","9606","2","No","Yes","No","No","5"
"Mitochondrial cloud","78E86D56","biomolecular","8355","598","No","Yes","No","No","1"
"MORC3 nuclear body","353F5E6C","biomolecular","9606","1","Yes","No","No","No","5"
"mtRNA granule","5965E019","biomolecular","9606","42","No","Yes","No","No","1"
"MUTator foci","60DC040A","biomolecular","6239","1","No","Yes","No","No","5"
"NAB3 nuclear body","21740CDC","biomolecular","559292","1","No","No","No","No","5"
"NEDD4 condensates","03E7CE7B","biomolecular","9606","3","No","No","No","No","5"
"Negri body","886620B0","infectious","10036","2","No","No","Yes","Yes","4"
"Neuronal granule","51423B36","biomolecular","6239","3","No","No","No","No","1"
"Neuronal RNP granule","764D0258","biomolecular","10090","40","No","Yes","No","No","1"
"Neuronal RNP granule","B0349C78","biomolecular","7227","1","No","Yes","No","No","5"
"Neuronal RNP granule","D8E9712B","biomolecular","9606","16","No","Yes","Yes","No","1"
"Neuronal RNP granule","1E07FF65","biomolecular","10116","9","No","Yes","No","No","1"
"NONO","C582EEC7","biomolecular","10090","3","No","Yes","No","No","5"
"NP bodies","28619EF7","biomolecular","9606","2","No","Yes","No","No","4"
"Nuage","45FBF2D1","biomolecular","9606","1","No","No","No","No","1"
"Nuclear body","F3630F2C","biomolecular","6239","2","No","No","No","No","5"
"Nuclear body","9F779CC8","biomolecular","9606","4","No","Yes","No","No","4"
"Nuclear body","E86DA2C3","biomolecular","10090","2","No","Yes","No","No","1"
"Nuclear body","4663B525","biomolecular","7227","2","No","Yes","No","No","1"
"Nuclear dicing body","E1C65F8A","biomolecular","3702","3","No","Yes","No","No","1"
"Nuclear poly(A) domains","AAD1380C","biomolecular","10090","1","No","Yes","No","No","5"
"Nuclear pore complex","807266B4","biomolecular","6239","3","No","No","No","No","5"
"Nuclear pore complex","99EB68D3","biomolecular","7227","1","No","No","No","No","3"
"Nuclear pore complex","8F16FF3E","biomolecular","7739","1","No","No","No","No","3"
"Nuclear pore complex","0DA90D7A","biomolecular","8355","8","No","No","No","No","1"
"Nuclear pore complex","58AD3AE7","biomolecular","44689","1","No","No","No","No","1"
"Nuclear pore complex","54E74809","biomolecular","8364","4","No","No","No","No","3"
"Nuclear pore complex","691A1FB1","biomolecular","559292","6","No","No","No","No","1"
"Nuclear pore complex","2E2EF814","biomolecular","3702","1","No","No","No","No","3"
"Nuclear pore complex","4133D0F7","biomolecular","5911","1","No","No","No","No","1"
"Nuclear pore complex","D6A53B8E","biomolecular","9606","25","No","No","No","No","1"
"Nuclear speckle","8FEE509A","biomolecular","10116","1","Yes","Yes","No","No","4"
"Nuclear speckle","9A8A194B","biomolecular","3702","18","No","No","Yes","No","1"
"Nuclear speckle","B64524C9","biomolecular","10181","1","No","Yes","No","No","4"
"Nuclear speckle","8E814538","biomolecular","60711","2","No","No","No","No","1"
"Nuclear speckle","804901D1","biomolecular","9606","207","Yes","Yes","Yes","Yes","1"
"Nuclear speckle","3F0300C2","biomolecular","10090","9","No","Yes","No","No","1"
"Nuclear stress body","81D2A7B6","biomolecular","9606","11","No","Yes","Yes","No","1"
"Nuclear stress body","D77CF3DC","biomolecular","559292","1","Yes","No","No","No","5"
"Nucleolus","A1E2A3BE","biomolecular","9031","2","No","No","No","No","1"
"Nucleolus","AC502520","biomolecular","8355","5","No","Yes","No","No","1"
"Nucleolus","D7FE2080","biomolecular","9913","249","Yes","Yes","No","No","2"
"Nucleolus","72FAB94F","biomolecular","9823","5","No","Yes","No","No","4"
"Nucleolus","BDAE0F88","biomolecular","559292","116","Yes","Yes","No","No","1"
"Nucleolus","91857CE7","biomolecular","9606","1413","No","Yes","Yes","Yes","1"
"Nucleolus","97EBEFF3","biomolecular","9986","5","No","No","No","No","1"
"Nucleolus","34A76419","biomolecular","7227","7","No","Yes","No","No","1"
"Nucleolus","4299E36E","biomolecular","3702","1874","Yes","Yes","No","No","2"
"Nucleolus","34881ED2","biomolecular","10116","14","No","Yes","No","No","1"
"Nucleolus","3743B201","biomolecular","6239","1","No","Yes","No","No","5"
"Nucleolus","B4774FF5","biomolecular","9685","2","No","No","No","No","2"
"Nucleolus","9CC59152","biomolecular","10141","1","No","No","No","No","1"
"Nucleolus","5E82D60E","biomolecular","10090","22","No","Yes","No","No","1"
"Nucleolus","9ED295E5","biomolecular","8128","1","Yes","Yes","No","No","1"
"Numb/Pon condensate","6E61CE74","biomolecular","7227","2","No","No","No","No","5"
"Nur77 condensate","927B5294","biomolecular","9606","1","No","No","Yes","No","5"
"nYAC","0C658009","biomolecular","9606","1","No","Yes","No","No","4"
"Omega speckle","58B04F1E","biomolecular","7227","1","No","Yes","No","No","5"
"ORC1 bodies","AA62C26E","infectious","9606","5","Yes","No","No","Yes","1"
"ORF8/p62 condensate","57A56005","infectious","9606","4","No","No","No","No","4"
"OsJAZ2 condensate","205A679C","biomolecular","39946","1","No","No","No","No","5"
"OsSRO1c-OsDREB2B condensate","CDEBD68E","biomolecular","39947","2","Yes","No","No","No","5"
"P62 body","718A9EC3","biomolecular","9606","3","No","No","Yes","Yes","4"
"P62 cluster","3393144B","biomolecular","10090","4","No","No","No","No","4"
"p62-dependent P-bodies (pd-PBs)","A331833B","biomolecular","10090","5","No","No","No","No","4"
"p62-dependent P-bodies (pd-PBs)","373365D7","biomolecular","9606","6","No","Yes","No","No","4"
"P6 inclusion body","8B6B23E7","infectious","3702","6","No","No","No","No","5"
"ParABS DNA","7F56106F","biomolecular","224308","1","Yes","No","No","No","5"
"Paraspeckle","81B83C9C","biomolecular","10090","2","No","Yes","No","No","3"
"Paraspeckle","1A18FFC4","biomolecular","9606","71","No","Yes","Yes","Yes","1"
"PARCL condensate","117BB047","biomolecular","3702","1","No","Yes","No","No","5"
"Par complex","99212B2A","biomolecular","10116","1","No","No","No","No","5"
"Par complex","296927EE","biomolecular","10090","2","No","No","No","No","3"
"PARP1-DNA condensate","D1F4711B","biomolecular","9606","3","Yes","No","No","Yes","4"
"PARP5A–RNF146 condensate","18E63256","biomolecular","10090","2","No","No","No","No","4"
"PB-like Assembly","BBD7F84D","biomolecular","9606","3","No","Yes","No","No","4"
"P-body","AD9D4934","biomolecular","10090","13","No","Yes","No","No","5"
"P-body","60F64496","biomolecular","3702","24","No","Yes","No","No","1"
"P-body","8153499B","biomolecular","510516","2","No","Yes","No","No","5"
"P-body","A777E0F8","biomolecular","559292","71","No","Yes","No","No","1"
"P-body","2A88FC49","biomolecular","7955","1","No","No","No","No","1"
"P-body","A6E1D014","biomolecular","7227","20","No","Yes","No","No","1"
"P-body","0808F6DD","biomolecular","284812","12","No","No","No","No","1"
"P-body","EE0382A7","biomolecular","6239","9","No","Yes","No","No","1"
"P-body","232F8A39","biomolecular","9606","829","No","Yes","Yes","Yes","1"
"PcG body","58FDC23F","biomolecular","7227","18","Yes","No","No","No","1"
"PcG body","A5CB8438","biomolecular","10090","3","Yes","No","No","No","4"
"PcG body","F701F3BC","biomolecular","9606","14","No","No","No","No","1"
"Pericentriolar compartment","F659AEC6","biomolecular","9606","1","No","No","No","No","1"
"Pericentriolar compartment","52A3D75E","biomolecular","3702","1","No","No","No","No","1"
"Pericentriolar material","7AFE7FE2","biomolecular","7227","3","No","Yes","No","No","5"
"Pericentriolar matrix","E72E7219","biomolecular","6239","4","No","No","No","No","1"
"Pericentriolar matrix","1DAEF59B","biomolecular","9606","4","No","No","No","No","1"
"Peri-nucleolar condensate","D02F3EC8","biomolecular","9606","2","No","No","No","No","4"
"Peri-nucleolar condensate","9B47C524","biomolecular","559292","4","No","No","No","No","4"
"PFK-1.1 condensates","7A5BD188","biomolecular","6239","1","No","No","No","No","5"
"PGAM5-MAVS Condensate","1F16C8AA","biomolecular","10090","2","No","No","No","No","4"
"PGL granules","3DE2549A","biomolecular","6239","5","No","Yes","No","No","5"
"P-granule","73A75392","biomolecular","6239","49","No","Yes","No","No","1"
"Plant growth regulator","9BCF5950","biomolecular","0","2","No","No","No","No","5"
"Plant Photobody","988B4B02","biomolecular","3702","5","No","No","No","No","4"
"Plectin condensates","D417733D","biomolecular","10090","2","No","No","No","Yes","5"
"PML body","23113A41","biomolecular","10116","1","No","No","No","No","1"
"PML body","2E092FC3","biomolecular","10090","8","No","No","No","No","1"
"PML body","B5B9A610","biomolecular","9606","551","Yes","No","Yes","Yes","2"
"PML body","92558670","biomolecular","244","1","No","No","No","No","1"
"PodJ condensates","7CA99819","biomolecular","190650","3","No","No","No","No","5"
"Polarisome","D4C202DD","biomolecular","559292","1","No","No","No","No","5"
"PolyP granule","C486FBEA","biomolecular","208964","1","No","No","No","No","5"
"PopZ condensate","907141DD","biomolecular","190650","6","No","No","No","No","1"
"Postsynaptic density","CE726F99","biomolecular","10090","1474","No","No","No","No","2"
"Postsynaptic density","A7E9CBB4","biomolecular","10116","9","No","No","No","No","1"
"Pre-replication compartment (PRC)","3D208FE7","infectious","10090","2","Yes","No","No","No","4"
"Pre-replication compartment (PRC)","6F576562","infectious","9606","1","No","No","No","No","4"
"Presynaptic clusters","D46705B1","biomolecular","7748","1","No","No","No","No","3"
"Presynaptic clusters","05A797AF","biomolecular","10090","4","No","No","No","No","1"
"Presynaptic clusters","3E94B511","biomolecular","6239","2","No","No","No","No","5"
"Presynaptic clusters","F9F240AC","biomolecular","10116","5","No","No","No","No","1"
"Presynaptic clusters","50C2EE40","biomolecular","10090","3","No","No","No","No","1"
"Presynaptic clusters and postsynaptic densities","FB4E32DD","biomolecular","9606","1366","No","No","No","No","2"
"Proteasome condensate","256AC21A","biomolecular","559292","4","No","No","No","No","5"
"Proteasome condensate","550E224B","biomolecular","9606","4","No","No","Yes","No","1"
"Purinosome","6D9DF426","biomolecular","9606","4","No","No","No","No","4"
"Pyrenoid","EA8B71D1","biomolecular","3055","84","No","No","No","No","1"
"Rapsn condensate","3EAB04FE","biomolecular","9606","7","No","No","No","No","3"
"RBFOX1 RNP granule","C9BBDF4E","biomolecular","7227","2","No","Yes","No","No","3"
"RBM15 condensate","44A42CE7","biomolecular","9606","2","No","No","No","No","3"
"rDNA locus","A97FB2F6","biomolecular","559292","2","Yes","No","No","No","5"
"RdRp condensates","2AFE1BD8","infectious","9607","3","No","Yes","No","Yes","4"
"Refractile body","629EEE1F","biomolecular","5802","1","No","No","No","No","5"
"RH20 condensate","D78976C2","biomolecular","3702","2","No","No","No","No","4"
"Rho body","82F84B68","biomolecular","1263054","1","No","Yes","No","No","5"
"RNA polymerase clusters","0CC02154","biomolecular","559292","1","No","No","No","No","5"
"RNP granule","D6EADA8A","biomolecular","6239","3","No","No","No","No","1"
"Row 1-specific tip complex condensates","FF4792F2","biomolecular","9606","4","No","No","No","No","4"
"RPSA-VIM-ENO Condensate","80CC731F","infectious","9606","3","No","No","No","No","4"
"Sam68 nuclear body","62EA6512","biomolecular","9606","15","No","Yes","No","No","1"
"SARS-CoV-2 condensate","38D1B6BE","infectious","9606","4","No","Yes","Yes","No","4"
"SCOTIN condensate","8DB3D246","biomolecular","9606","3","No","No","No","No","4"
"SDC4 exosomal condensate","D19EB1EA","biomolecular","9606","1","No","No","No","No","4"
"Sec-body","6B2C5D53","biomolecular","10116","5","No","No","No","No","4"
"Sec-body","C0C3C39E","biomolecular","7227","3","No","No","No","No","4"
"senescence-associated nuclear proteasome foci","4F6C34C9","biomolecular","9606","5","No","No","No","No","4"
"sex body","FF3FC04D","biomolecular","9606","1","Yes","No","No","No","4"
"sex body","D38CDCAD","biomolecular","10090","1","No","No","No","No","4"
"SGF29 condensate","335D4357","biomolecular","9606","4","Yes","Yes","No","No","4"
"Signaling cluster","56808221","biomolecular","10116","1","No","No","No","No","1"
"Signaling cluster","F345034F","biomolecular","9606","23","No","No","No","No","1"
"Signaling cluster","F1DB9E1E","biomolecular","10090","1","No","No","No","No","1"
"Signalosome","5A1E8F84","biomolecular","7227","1","No","No","No","No","5"
"SIMR foci","8EC6ED41","biomolecular","6239","2","No","No","No","No","5"
"Sint speckle","E8F4C1F2","biomolecular","9606","4","No","No","No","No","1"
"Sirna body","A9BEEE91","biomolecular","3702","5","No","Yes","No","No","1"
"Slit diaphragm condensate","936CAA69","biomolecular","9606","3","No","No","No","No","1"
"SMN1 nuclear body","4700BF7B","biomolecular","10090","1","No","No","No","No","1"
"SMN-Rpp20 complex","B75B0A5E","biomolecular","9606","1","No","No","No","No","2"
"SOSS-INTAC Condensate","3625CB60","biomolecular","9606","5","Yes","Yes","No","No","2"
"Spider Silk Spidroin","B6C35A7B","biomolecular","256737","1","No","No","No","No","3"
"Spindle matrix","0F39F0A3","biomolecular","8355","1","No","No","No","No","1"
"Sponge body","19A54EA0","biomolecular","7227","13","No","Yes","No","No","1"
"SPOP/DAXX body","DAD1D2C8","biomolecular","9606","2","No","No","No","No","5"
"SPRI2 Nuclear Condensate","C9116452","biomolecular","3702","2","No","No","No","No","4"
"SSB condensate","B55775CA","biomolecular","83333","3","Yes","No","No","No","1"
"STD1 body","504CA153","biomolecular","559292","1","No","No","No","No","5"
"STING phase-separator","7F558BCC","biomolecular","9606","2","No","No","No","No","3"
"Stress granule","C441AF4C","biomolecular","185431","8","No","No","No","No","5"
"Stress granule","24475C75","biomolecular","3702","23","No","Yes","No","No","1"
"Stress granule","DEE660B4","biomolecular","9606","1190","No","Yes","Yes","Yes","1"
"Stress granule","EA58C052","biomolecular","510516","3","No","No","No","No","5"
"Stress granule","E61E225E","biomolecular","7227","9","No","Yes","No","No","1"
"Stress granule","F5301D48","biomolecular","284812","11","No","Yes","No","No","1"
"Stress granule","F05969EF","biomolecular","284811","1","No","Yes","No","No","4"
"Stress granule","E03F929F","biomolecular","559292","335","No","Yes","No","No","1"
"Stress granule","B2E8AD81","biomolecular","10116","11","No","No","No","No","1"
"Stress granule","9DA71F79","biomolecular","6239","5","No","No","No","No","1"
"Stress granule","35EAEEF6","biomolecular","237561","1","No","No","No","No","1"
"Stress granule","604353D6","biomolecular","60711","2","No","No","No","No","1"
"Stress granule","D12E4DB9","biomolecular","10090","25","No","Yes","Yes","No","1"
"Stress granule","3E806696","biomolecular","9031","1","No","No","No","No","1"
"Stress granule","40C311B2","biomolecular","11706","1","No","No","No","No","1"
"Stress Granule","5E9136F1","biomolecular","39947","20","No","No","No","No","2"
"Stress Granule","E03AA123","biomolecular","235443","3","No","No","No","No","5"
"Stress Granule","5E22074F","biomolecular","5811","33","No","No","No","No","2"
"Sup35 condensate","F3106323","biomolecular","559292","1","No","No","No","No","5"
"Sup35 condensate","89D152D3","biomolecular","284812","1","No","No","No","No","5"
"Synthetic Condensate 000001","6D84B01C","synthetic","0","2","No","No","No","No","3"
"Synthetic Condensate 000002","403A9DB1","synthetic","8355","1","No","No","No","No","3"
"Synthetic Condensate 000003","1CD3856C","synthetic","9606","3","No","No","No","No","3"
"Synthetic Condensate 000004","60F74988","synthetic","9606","2","No","No","No","No","1"
"Synthetic Condensate 000005","60893955","synthetic","0","2","No","No","No","No","3"
"Synthetic Condensate 000006","0CEEA3E8","synthetic","0","3","No","No","No","No","3"
"Synthetic Condensate 000007","B8725CFA","synthetic","9606","2","No","No","No","No","1"
"Synthetic Condensate 000008","943B2789","synthetic","9606","2","No","No","No","No","3"
"Synthetic Condensate 000009","26E28FFB","synthetic","559292","1","No","No","No","No","1"
"Synthetic Condensate 000010","832870F1","synthetic","0","2","No","No","No","No","3"
"Synthetic Condensate 000011","6DA31C6B","synthetic","9606","2","No","No","No","No","3"
"Synthetic Condensate 000012","37C8BA2F","synthetic","284811","1","No","No","No","No","1"
"Synthetic Condensate 000013","C22D95C0","synthetic","9606","1","No","No","Yes","No","1"
"Synthetic Condensate 000014","9A9D7F4D","synthetic","9606","2","No","No","No","No","1"
"Synthetic Condensate 000015","2CF52CF0","synthetic","9606","2","No","No","No","No","3"
"Synthetic Condensate 000016","FF9FC9E0","synthetic","6239","1","No","No","No","No","1"
"Synthetic Condensate 000017","1422620B","synthetic","9606","2","No","No","No","No","3"
"Synthetic Condensate 000018","CABCA76D","synthetic","0","2","No","No","No","No","3"
"Synthetic Condensate 000019","F4417166","synthetic","9606","1","No","No","No","No","1"
"Synthetic Condensate 000020","74574544","synthetic","0","2","No","No","No","No","3"
"Synthetic Condensate 000021","AC87FF17","synthetic","0","2","No","No","No","No","3"
"Synthetic Condensate 000022","9568789E","synthetic","9606","2","No","No","No","No","3"
"Synthetic Condensate 000023","31BA30E7","synthetic","9606","1","No","No","No","No","1"
"Synthetic Condensate 000024","2F09078B","synthetic","0","2","No","No","No","No","3"
"Synthetic Condensate 000025","1249081A","synthetic","9606","1","No","No","No","No","1"
"Synthetic Condensate 000026","95FADA74","synthetic","9606","2","No","No","No","No","3"
"Synthetic Condensate 000027","1855AB2E","synthetic","9606","2","No","No","No","No","3"
"Synthetic Condensate 000028","2857FDAA","synthetic","9606","2","No","No","No","No","3"
"Synthetic Condensate 000029","22369FCF","synthetic","0","2","No","No","No","No","1"
"Synthetic Condensate 000030","BD836276","synthetic","0","2","No","No","No","No","3"
"Synthetic Condensate 000031","01ADBBD5","synthetic","9606","2","No","No","No","No","3"
"Synthetic Condensate 000032","67BDA0FF","synthetic","9606","3","No","No","No","No","3"
"Synthetic Condensate 000033","979E1F4B","synthetic","0","3","No","No","No","No","3"
"Synthetic Condensate 000034","9D926880","synthetic","0","2","No","No","No","No","3"
"Synthetic Condensate 000035","6F314257","synthetic","559292","1","No","No","No","No","1"
"Synthetic Condensate 000036","041D4500","synthetic","9606","2","No","No","No","No","1"
"Synthetic Condensate 000037","2F7EB6DB","synthetic","559292","1","No","No","No","No","3"
"Synthetic Condensate 000038","99286EFB","synthetic","559292","1","No","No","No","No","3"
"Synthetic Condensate 000039","7ADEF05E","synthetic","9606","3","No","No","No","No","0"
"Synthetic Condensate 000040","28618213","synthetic","0","2","No","No","No","No","1"
"Synthetic Condensate 000041","CB5A3F31","synthetic","6239","1","No","No","No","No","1"
"Synthetic Condensate 000042","7D39771A","synthetic","284812","1","No","No","No","No","3"
"Synthetic Condensate 000043","CBF57B02","synthetic","9606","2","No","No","No","No","1"
"Synthetic Condensate 000044","9E412E21","synthetic","9606","1","No","No","No","No","1"
"Synthetic Condensate 000045","1070A586","synthetic","9606","4","No","No","No","No","3"
"Synthetic Condensate 000046","452A98AF","synthetic","10090","1","No","No","No","No","1"
"Synthetic Condensate 000047","25CCE98C","synthetic","9606","2","No","No","No","No","3"
"Synthetic Condensate 000048","CEC93CD4","synthetic","0","3","No","No","No","No","3"
"Synthetic Condensate 000049","71F78BB1","synthetic","9606","2","No","No","No","No","1"
"Synthetic Condensate 000050","FF78ADB9","synthetic","0","3","No","No","No","No","3"
"Synthetic Condensate 000051","D551D4B1","synthetic","0","2","No","No","No","No","3"
"Synthetic Condensate 000052","6AB35885","synthetic","9606","2","No","No","No","No","3"
"Synthetic Condensate 000053","33BF1E0E","synthetic","0","3","No","No","No","No","3"
"Synthetic Condensate 000054","11FDE679","synthetic","9606","1","No","No","No","No","1"
"Synthetic Condensate 000055","D83843FA","synthetic","9606","1","No","No","No","No","1"
"Synthetic Condensate 000056","2B18F727","synthetic","0","2","No","No","No","No","3"
"Synthetic Condensate 000057","85C30F04","synthetic","9606","2","No","No","No","No","3"
"Synthetic Condensate 000058","ED4B3785","synthetic","9606","1","No","No","Yes","No","1"
"Synthetic Condensate 000059","92722620","synthetic","9606","1","No","No","No","No","1"
"Synthetic Condensate 000060","07A7ED5B","synthetic","6239","1","No","No","No","No","3"
"Synthetic Condensate 000061","A3AA02E8","synthetic","9606","2","No","No","No","No","3"
"Synthetic Condensate 000062","9F05356D","synthetic","9606","1","No","No","No","No","3"
"Synthetic Condensate 000063","984F3092","synthetic","9606","1","No","No","No","No","3"
"Synthetic Condensate 000064","5E3205E2","synthetic","9606","1","No","No","No","No","1"
"Synthetic Condensate 000065","6E49930B","synthetic","559292","1","No","No","No","No","3"
"Synthetic Condensate 000066","98A5DA6D","synthetic","9606","2","No","No","No","No","3"
"Synthetic Condensate 000067","7DC50CA0","synthetic","6239","1","No","No","No","No","1"
"Synthetic Condensate 000068","43F5F736","synthetic","0","3","No","No","No","No","3"
"Synthetic Condensate 000069","8DF372A2","synthetic","9606","2","No","No","No","No","3"
"Synthetic Condensate 000070","EF6CBD8C","synthetic","9606","2","No","No","No","No","3"
"Synthetic Condensate 000071","6340D055","synthetic","9606","1","No","No","No","No","3"
"Synthetic Condensate 000072","139BF52E","synthetic","9606","2","No","No","No","No","1"
"Synthetic Condensate 000073","0F0CDB11","synthetic","6239","2","No","No","No","No","3"
"Synthetic Condensate 000074","03FC3A53","synthetic","9606","1","No","No","No","No","3"
"Synthetic Condensate 000075","75CAE956","synthetic","6239","2","No","No","No","No","3"
"Synthetic Condensate 000076","C65B6D56","synthetic","9606","2","No","No","No","No","3"
"Synthetic Condensate 000077","985E7A25","synthetic","6239","3","No","No","No","No","3"
"Synthetic Condensate 000078","17687E46","synthetic","0","2","No","No","No","No","3"
"Synthetic Condensate 000079","C05F05FE","synthetic","9606","3","No","No","No","No","3"
"Synthetic Condensate 000080","A58C613A","synthetic","9606","3","No","No","No","No","3"
"Synthetic Condensate 000081","8E58DEA8","synthetic","9606","1","No","No","No","No","3"
"Synthetic Condensate 000082","F6300417","synthetic","6239","4","No","No","No","No","3"
"Synthetic Condensate 000083","FF4E772B","synthetic","9606","2","No","No","No","No","3"
"Synthetic Condensate 000084","CE90FC77","synthetic","284812","1","No","No","No","No","1"
"Synthetic Condensate 000085","075799D7","synthetic","9606","1","No","No","No","No","1"
"Synthetic Condensate 000086","6625DDE5","synthetic","9606","1","No","No","No","No","3"
"Synthetic Condensate 000087","7FF43F25","synthetic","9606","1","No","No","No","No","3"
"Synthetic Condensate 000088","97081F97","synthetic","9606","1","No","No","No","No","3"
"Synthetic Condensate 000089","AB997901","synthetic","9606","4","No","No","No","No","3"
"Synthetic Condensate 000090","D0F20FEF","synthetic","9606","1","No","No","No","No","3"
"Synthetic Condensate 000091","552B0C4E","synthetic","9606","1","No","No","No","No","3"
"Synthetic Condensate 000092","1822EB5E","synthetic","9606","1","No","No","No","No","3"
"Synthetic Condensate 000093","5D9BA5D6","synthetic","9606","1","No","No","No","No","3"
"Synthetic Condensate 000094","BADB2D85","synthetic","284812","2","No","No","No","No","3"
"Synthetic Condensate 000095","EA2D28A3","synthetic","9606","1","No","No","No","No","3"
"Synthetic Condensate 000096","F5639AB0","synthetic","9606","3","No","No","No","No","3"
"Synthetic Condensate 000097","2665D7F9","synthetic","6239","1","No","No","No","No","3"
"Synthetic Condensate 000098","5C1EA71F","synthetic","9606","1","No","No","No","No","3"
"Synthetic Condensate 000099","48F3BEDE","synthetic","9606","1","No","No","No","No","3"
"Synthetic Condensate 000100","5113914A","synthetic","284812","3","No","No","No","No","1"
"Synthetic Condensate 000101","9DBDF226","synthetic","9606","1","No","No","No","No","3"
"Synthetic Condensate 000102","240400BD","synthetic","6239","2","No","No","No","No","3"
"Synthetic Condensate 000103","D9713D2F","synthetic","6239","1","No","No","No","No","3"
"Synthetic Condensate 000104","B61E46D6","synthetic","10090","1","No","No","No","No","3"
"Synthetic Condensate 000105","0B2C2654","synthetic","9606","1","No","No","No","No","1"
"Synthetic Condensate 000106","5A404BB6","synthetic","6239","2","No","No","No","No","3"
"Synthetic Condensate 000107","EC23E69A","synthetic","9606","1","No","No","No","No","3"
"Synthetic Condensate 000108","2839F8E0","synthetic","6239","3","No","No","No","No","3"
"Synthetic Condensate 000109","C4E5F0B6","synthetic","9606","1","No","No","No","No","1"
"Synthetic Condensate 000110","C2ED57FB","synthetic","9606","2","No","No","No","No","3"
"Synthetic Condensate 000111","777112DF","synthetic","559292","1","No","No","No","No","3"
"Synthetic Condensate 000112","84137BFC","synthetic","9606","2","No","No","No","No","3"
"Synthetic Condensate 000113","6449F681","synthetic","9606","1","No","No","No","No","1"
"Synthetic Condensate 000114","3E1EA7A0","synthetic","83333","1","No","No","No","No","1"
"Synthetic Condensate 000115","0B6FB1B0","synthetic","9606","1","No","No","No","No","3"
"Synthetic Condensate 000116","6C24B33F","synthetic","9606","1","No","No","No","No","3"
"Synthetic Condensate 000117","A3E85EF1","synthetic","9606","1","No","No","No","No","1"
"Synthetic Condensate 000118","4543C70E","synthetic","9606","1","No","No","No","No","3"
"Synthetic Condensate 000119","5D403D55","synthetic","9606","1","No","No","No","No","3"
"Synthetic Condensate 000120","917A6517","synthetic","0","2","No","No","No","No","3"
"Synthetic Condensate 000121","0D48A13A","synthetic","9606","1","No","No","No","No","3"
"Synthetic Condensate 000122","873B6374","synthetic","45920","1","No","No","No","No","3"
"Synthetic Condensate 000123","1D5AA081","synthetic","559292","1","No","No","No","No","1"
"Synthetic Condensate 000124","8E4C2D28","synthetic","0","2","No","No","No","No","3"
"Synthetic Condensate 000125","7A2E2A6F","synthetic","9606","1","No","No","No","No","3"
"Synthetic Condensate 000126","A310D5D6","synthetic","0","2","No","No","No","No","1"
"Synthetic Condensate 000127","DCE83E39","synthetic","6239","2","No","No","No","No","3"
"Synthetic Condensate 000128","A1835F71","synthetic","9606","1","No","No","No","No","3"
"Synthetic Condensate 000129","DFB52F78","synthetic","9606","2","No","No","No","No","3"
"Synthetic Condensate 000130","D9514D20","synthetic","559292","2","No","No","No","No","1"
"Synthetic Condensate 000131","C93AFFD2","synthetic","9606","2","No","No","No","No","3"
"Synthetic Condensate 000132","49499F59","synthetic","6239","4","No","No","No","No","3"
"Synthetic Condensate 000133","950B8BA2","synthetic","9606","1","No","No","No","No","3"
"Synthetic Condensate 000134","28F07613","synthetic","559292","1","No","No","No","No","3"
"Synthetic Condensate 000135","A5E21351","synthetic","0","2","No","No","No","No","3"
"Synthetic Condensate 000136","D8841629","synthetic","6239","2","No","No","No","No","3"
"Synthetic Condensate 000137","50E9090F","synthetic","6239","1","No","No","No","No","3"
"Synthetic Condensate 000138","863EAD4F","synthetic","3055","1","No","No","No","No","3"
"Synthetic Condensate 000139","AC4402D9","synthetic","346249","1","No","No","No","No","3"
"Synthetic Condensate 000140","5AAA2F68","synthetic","9606","1","No","No","No","No","3"
"Synthetic Condensate 000141","AF5F0395","synthetic","6239","1","No","No","No","No","1"
"Synthetic Condensate 000142","12F82FB5","synthetic","0","2","No","No","No","No","3"
"Synthetic Condensate 000143","2C639066","synthetic","9606","1","No","No","No","No","3"
"Synthetic Condensate 000144","07D09420","synthetic","6100","1","No","No","No","No","1"
"Synthetic Condensate 000145","5ED75EB5","synthetic","0","2","No","No","No","No","3"
"Synthetic Condensate 000146","A3406C3E","synthetic","6239","1","No","No","No","No","3"
"Synthetic Condensate 000147","CDDB7C63","synthetic","0","2","No","No","No","No","3"
"Synthetic Condensate 000148","25ECCE88","synthetic","3055","1","No","No","No","No","3"
"Synthetic Condensate 000149","9AFE287E","synthetic","36200","1","No","No","No","No","3"
"Synthetic Condensate 000150","ECE45DA7","synthetic","36200","1","No","No","No","No","3"
"Synthetic Condensate 000151","33B67FEA","synthetic","36200","1","No","No","No","No","3"
"Synthetic Condensate 000152","EED4A971","synthetic","0","3","No","No","No","No","3"
"Synthetic Condensate 000153","A21D42E2","synthetic","9606","1","No","No","No","No","1"
"Synthetic Condensate 000154","93AE757A","synthetic","3055","2","No","No","No","No","3"
"Synthetic Condensate 000155","EEE9EDCA","synthetic","9606","1","No","No","No","No","3"
"Synthetic Condensate 000156","F74784B8","synthetic","190650","1","No","No","No","No","3"
"Synthetic Condensate 000157","37FB04D7","synthetic","36200","1","No","No","No","No","3"
"Synthetic Condensate 000158","84374B0C","synthetic","0","3","No","No","No","No","3"
"Synthetic Condensate 000159","294DEF4F","synthetic","0","2","No","No","No","No","3"
"Synthetic Condensate 000160","B70647E2","synthetic","0","3","No","No","No","No","3"
"Synthetic Condensate 000161","502D4027","synthetic","36200","1","No","No","No","No","3"
"Synthetic Condensate 000162","9321DD1F","synthetic","0","3","No","No","No","No","3"
"Synthetic Condensate 000163","EFCB6399","synthetic","36200","1","No","No","No","No","3"
"Synthetic Condensate 000164","6E3E4A3C","synthetic","10359","1","No","No","No","No","1"
"Synthetic Condensate 000165","E0298522","synthetic","9606","2","No","No","No","No","1"
"Synthetic Condensate 000166","15E3C9A9","synthetic","9606","1","No","No","No","No","3"
"Synthetic Condensate 000167","46DAEB10","synthetic","0","2","No","No","No","No","3"
"Synthetic Condensate 000168","170524B4","synthetic","0","3","No","No","No","No","1"
"Synthetic Condensate 000169","7EC67CCE","synthetic","0","2","No","No","No","No","3"
"Synthetic Condensate 000170","DBAF6C49","synthetic","9606","2","No","No","No","No","3"
"Synthetic Condensate 000171","7F3F31A7","synthetic","0","2","No","No","No","No","3"
"Synthetic Condensate 000172","0F455885","synthetic","6239","2","No","No","No","No","3"
"Synthetic Condensate 000173","2217B16D","synthetic","9606","1","No","No","No","No","3"
"Synthetic Condensate 000174","02CD31EB","synthetic","9606","1","No","No","No","No","3"
"Synthetic Condensate 000175","06422D8E","synthetic","9606","1","No","No","No","No","1"
"Synthetic Condensate 000176","B6F3E647","synthetic","0","2","No","No","No","No","1"
"Synthetic Condensate 000177","5506006C","synthetic","9606","2","No","No","No","No","3"
"Synthetic Condensate 000178","0DCC03B3","synthetic","9606","1","No","No","No","No","3"
"Synthetic Condensate 000179","CC266C53","synthetic","9606","2","No","No","No","No","3"
"Synthetic Condensate 000180","634B234B","synthetic","9606","1","No","No","No","No","3"
"Synthetic Condensate 000181","CF22E771","synthetic","9606","1","No","No","No","No","3"
"Synthetic Condensate 000182","6BD4AB7A","synthetic","9606","1","No","No","No","No","3"
"Synthetic Condensate 000183","A32542C0","synthetic","10360","1","No","No","No","No","3"
"Synthetic Condensate 000184","898BF675","synthetic","9606","1","No","No","No","No","3"
"Synthetic Condensate 000185","7231FD3C","synthetic","9606","2","No","No","No","No","3"
"Synthetic Condensate 000186","1ED00101","synthetic","9606","1","No","No","No","No","3"
"Synthetic Condensate 000187","BADFB975","synthetic","9606","2","No","No","No","No","3"
"Synthetic Condensate 000188","20D775CC","synthetic","9606","2","No","No","No","No","3"
"Synthetic Condensate 000189","B9AD63BA","synthetic","9606","2","No","No","No","No","3"
"Synthetic Condensate 000190","77377E79","synthetic","9606","1","No","No","No","No","0"
"Synthetic Condensate 000191","A1A97FAB","synthetic","9606","1","No","No","No","No","3"
"Synthetic Condensate 000192","50D32664","synthetic","9606","2","No","No","No","No","3"
"Synthetic Condensate 000193","3209C5A5","synthetic","6239","1","No","No","No","No","3"
"Synthetic Condensate 000194","E95823B6","synthetic","559292","2","No","No","No","No","3"
"Synthetic Condensate 000195","E11B6BAB","synthetic","9606","2","No","No","No","No","3"
"Synthetic Condensate 000196","6D2E8C29","synthetic","8355","1","No","No","No","No","1"
"Synthetic Condensate 000197","279CD642","synthetic","559292","1","No","No","No","No","3"
"Synthetic Condensate 000198","AD0C696C","synthetic","7227","1","No","No","No","No","3"
"Synthetic Condensate 000199","C34F94B5","synthetic","9606","1","No","No","No","No","3"
"Synthetic Condensate 000200","178CF9FC","synthetic","9606","2","No","No","No","No","0"
"Synthetic Condensate 000201","3BAE19B2","synthetic","559292","1","No","No","No","No","3"
"Synthetic Condensate 000202","AB75B18A","synthetic","7227","1","No","No","No","No","3"
"Synthetic Condensate 000203","65A6D83D","synthetic","7227","1","No","No","No","No","3"
"Synthetic Condensate 000204","BF2F133A","synthetic","9606","2","No","No","No","No","3"
"Synthetic Condensate 000205","DD124B01","synthetic","7227","2","No","No","No","No","3"
"Synthetic Condensate 000206","0769205F","synthetic","9606","1","No","No","No","No","3"
"Synthetic Condensate 000207","16670A7A","synthetic","9606","1","No","No","No","No","3"
"Synthetic Condensate 000208","F4B231E0","synthetic","9606","2","No","No","No","No","3"
"Synthetic Condensate 000209","671877C5","synthetic","9606","2","No","No","No","No","3"
"Synthetic Condensate 000210","A0C76C25","synthetic","8355","1","No","No","No","No","3"
"Synthetic Condensate 000211","783B6188","synthetic","9031","2","No","No","No","No","3"
"Synthetic Condensate 000212","42323686","synthetic","1140","1","No","No","No","No","3"
"Synthetic Condensate 000213","9F5326C7","synthetic","10090","1","No","No","No","No","3"
"Synthetic Condensate 000214","B19EA3C3","synthetic","9031","1","No","No","No","No","3"
"Synthetic Condensate 000215","95CA54FE","synthetic","9606","2","No","No","No","No","3"
"Synthetic Condensate 000216","DFAB25C5","synthetic","9031","1","No","No","No","No","3"
"Synthetic Condensate 000217","C6D11C2A","synthetic","10090","1","No","No","No","No","3"
"Synthetic Condensate 000218","870FBEC9","synthetic","9031","1","No","No","No","No","1"
"Synthetic Condensate 000219","97E999E0","synthetic","6239","2","No","No","No","No","3"
"Synthetic Condensate 000220","86211E4F","synthetic","83333","1","No","No","No","No","3"
"Synthetic Condensate 000221","29B486D9","synthetic","269084","2","No","No","No","No","3"
"Synthetic Condensate 000222","88CBB25B","synthetic","9606","1","No","No","No","No","3"
"Synthetic Condensate 000223","7BA5F8B6","synthetic","83333","2","No","No","No","No","3"
"Synthetic Condensate 000224","69D46933","synthetic","4565","1","No","No","No","No","3"
"Synthetic Condensate 000225","6EF1C41E","synthetic","0","3","No","No","No","No","3"
"Synthetic Condensate 000226","A53DF2F0","synthetic","10090","1","No","No","No","No","3"
"Synthetic Condensate 000227","E9A74F70","synthetic","10090","1","No","No","No","No","3"
"Synthetic Condensate 000228","848A4BCD","synthetic","0","2","No","No","No","No","3"
"Synthetic Condensate 000229","6DD039B3","synthetic","9606","1","No","No","No","No","3"
"Synthetic Condensate 000230","1EC76F9B","synthetic","6549","1","No","No","No","No","3"
"Synthetic Condensate 000231","9800A23F","synthetic","0","4","No","No","No","No","3"
"Synthetic Condensate 000232","29DC92C3","synthetic","9606","2","No","No","No","No","0"
"Synthetic Condensate 000233","A81FC5A0","synthetic","0","5","No","No","No","No","3"
"Synthetic Condensate 000234","B30D3E4B","synthetic","6239","2","No","No","No","No","3"
"Synthetic Condensate 000235","DAAE2994","synthetic","559292","1","No","No","No","No","3"
"Synthetic Condensate 000236","A771B61B","synthetic","559292","2","No","No","No","No","3"
"Synthetic Condensate 000237","6D6C8CDE","synthetic","0","3","No","No","No","No","3"
"Synthetic Condensate 000238","FCE689D0","synthetic","0","5","No","No","No","No","3"
"Synthetic Condensate 000239","34EE5EA1","synthetic","346249","1","No","No","No","No","3"
"Synthetic Condensate 000240","88B1263E","synthetic","0","4","No","No","No","No","3"
"Synthetic Condensate 000241","DFF57E3B","synthetic","559292","3","No","No","No","No","3"
"Synthetic Condensate 000242","0C73AF1D","synthetic","10090","1","No","No","No","No","3"
"Synthetic Condensate 000243","D23CAB07","synthetic","0","4","No","No","No","No","3"
"Synthetic Condensate 000244","F7E61417","synthetic","0","2","No","No","No","No","3"
"Synthetic Condensate 000245","A08D2591","synthetic","0","5","No","No","No","No","3"
"Synthetic Condensate 000246","4270DBEE","synthetic","10116","1","No","No","No","No","3"
"Synthetic Condensate 000247","624CA2FF","synthetic","0","3","No","No","No","No","3"
"Synthetic Condensate 000248","1AFBA5D2","synthetic","559292","1","No","No","No","No","3"
"Synthetic Condensate 000249","47E1BA53","synthetic","9606","1","No","No","No","No","1"
"Synthetic Condensate 000250","67447146","synthetic","9913","1","No","No","No","No","3"
"Synthetic Condensate 000251","E5DE0AD2","synthetic","9606","1","No","No","No","No","3"
"Synthetic Condensate 000252","A7832E2F","synthetic","3702","1","No","No","No","No","3"
"Synthetic Condensate 000253","94A6FFB4","synthetic","0","3","No","No","No","No","3"
"Synthetic Condensate 000254","9C0C01E2","synthetic","0","2","No","No","No","No","3"
"Synthetic Condensate 000255","80EB2636","synthetic","9606","3","No","No","No","No","3"
"Synthetic Condensate 000256","28F24DDF","synthetic","0","2","No","No","No","No","3"
"Synthetic Condensate 000257","BC3C46DC","synthetic","9606","2","No","No","No","No","3"
"Synthetic Condensate 000258","77264BD3","synthetic","9606","2","No","No","No","No","3"
"Synthetic Condensate 000259","694DAD9E","synthetic","9606","2","No","No","No","No","3"
"Synthetic Condensate 000260","500EDC60","synthetic","0","4","No","No","No","No","3"
"Synthetic Condensate 000261","3C2A39A9","synthetic","284812","1","No","No","No","No","3"
"Synthetic Condensate 000262","7F2B39AE","synthetic","9606","1","No","No","No","No","3"
"Synthetic Condensate 000263","558B70E9","synthetic","7227","1","No","No","No","No","3"
"Synthetic Condensate 000264","41EA8E74","synthetic","3562","1","No","No","No","No","3"
"Synthetic Condensate 000265","900B1AFC","synthetic","735330","1","No","No","No","No","3"
"Synthetic Condensate 000266","1209505D","synthetic","83333","1","No","No","No","No","3"
"Synthetic Condensate 000267","21A3CED6","synthetic","0","3","No","No","No","No","3"
"Synthetic Condensate 000268","5E466542","synthetic","64091","1","No","No","No","No","3"
"Synthetic Condensate 000269","F11B6494","synthetic","9606","2","No","No","No","No","1"
"Synthetic Condensate 000270","89D22CC2","synthetic","9606","4","No","No","No","No","1"
"Synthetic Condensate 000271","33D42E40","synthetic","9606","2","No","No","No","No","1"
"Synthetic Condensate 000272","A3F53DF0","synthetic","9606","3","No","No","No","No","1"
"Synthetic Condensate 000273","950D9077","synthetic","9606","2","No","No","No","No","1"
"Synthetic Condensate 000274","D57F7ABA","synthetic","0","4","No","No","No","No","1"
"Synthetic Condensate 000275","FBBE2A73","synthetic","9606","2","No","No","No","No","1"
"Synthetic Condensate 000276","017348A2","synthetic","10090","2","No","No","No","No","1"
"Synthetic Condensate 000277","38BEFE36","synthetic","9606","2","No","No","No","No","1"
"Synthetic Condensate 000278","F9F5AA60","synthetic","9606","2","No","No","No","No","1"
"Synthetic Condensate 000279","86739B61","synthetic","9606","2","No","No","No","No","1"
"Synthetic Condensate 000280","FA66C19F","synthetic","9606","2","No","No","Yes","No","1"
"Synthetic Condensate 000281","6209F224","synthetic","0","10","No","No","No","No","1"
"Synthetic Condensate 000282","00C0C35B","synthetic","559292","3","No","No","No","No","1"
"Synthetic Condensate 000283","58F5AC37","synthetic","9606","4","No","No","No","No","1"
"Synthetic Condensate 000284","2C224C76","synthetic","0","3","No","No","No","No","1"
"Synthetic Condensate 000285","A42DF0C6","synthetic","0","2","No","No","No","No","1"
"Synthetic Condensate 000286","D47533BE","synthetic","8355","2","No","No","No","No","1"
"Synthetic Condensate 000287","589474B0","synthetic","0","3","No","No","No","No","1"
"Synthetic Condensate 000288","3C81F809","synthetic","9606","2","No","No","No","No","1"
"Synthetic Condensate 000289","214630CE","synthetic","7227","2","No","No","No","No","1"
"Synthetic Condensate 000290","D9D613FC","synthetic","7227","2","No","No","No","No","1"
"Synthetic Condensate 000291","FBAE0D06","synthetic","0","3","No","No","No","No","1"
"Synthetic Condensate 000292","9355EE84","synthetic","9606","3","No","No","No","No","1"
"Synthetic Condensate 000293","5D6181E1","synthetic","9606","3","No","No","No","No","1"
"Synthetic Condensate 000294","51D569B1","synthetic","10116","2","No","No","No","No","1"
"Synthetic Condensate 000295","2CE6B729","synthetic","9606","2","No","No","No","No","1"
"Synthetic Condensate 000296","EBDFEA1F","synthetic","9606","2","No","No","No","No","1"
"Synthetic Condensate 000297","D8D47D1F","synthetic","9606","2","No","No","No","No","1"
"Synthetic Condensate 000298","D936E305","synthetic","9606","2","No","No","No","No","1"
"Synthetic Condensate 000299","E9C70067","synthetic","7227","2","No","No","No","No","1"
"Synthetic Condensate 000300","F15C9420","synthetic","9606","2","No","No","No","No","1"
"Synthetic Condensate 000301","B7348731","synthetic","0","3","No","No","No","No","1"
"Synthetic Condensate 000302","E3E4F6CC","synthetic","0","2","No","No","No","No","1"
"Synthetic Condensate 000303","6838ABCD","synthetic","3702","2","No","No","No","No","1"
"Synthetic Condensate 000304","7A2955EF","synthetic","0","2","No","No","Yes","No","1"
"Synthetic Condensate 000305","D212AE19","synthetic","9606","3","No","No","No","No","1"
"Synthetic Condensate 000306","D0109C64","synthetic","0","2","No","No","No","No","1"
"Synthetic Condensate 000307","1A926453","synthetic","9606","2","No","No","No","No","1"
"Synthetic Condensate 000308","BC554416","synthetic","10090","3","No","No","No","No","1"
"Synthetic Condensate 000309","C1EEEEF5","synthetic","9606","2","No","No","No","No","1"
"Synthetic Condensate 000310","F5834E66","synthetic","9606","5","No","No","No","No","1"
"Synthetic Condensate 000311","D4281DD4","synthetic","10090","2","No","No","No","No","1"
"Synthetic Condensate 000312","3521A8E2","synthetic","0","5","No","No","No","No","1"
"Synthetic Condensate 000313","2612F8DB","synthetic","0","2","No","No","No","No","1"
"Synthetic Condensate 000314","00EEF43C","synthetic","83332","3","No","No","No","No","1"
"Synthetic Condensate 000315","01BEC43A","synthetic","11285","3","No","No","No","No","1"
"Synthetic Condensate 000316","D41CB90A","synthetic","10090","2","No","No","No","No","1"
"Synthetic Condensate 000317","11D8DE05","synthetic","9606","2","No","No","No","No","1"
"Synthetic Condensate 000318","D70B1BED","synthetic","10090","2","No","No","No","No","1"
"Synthetic Condensate 000319","318A8771","synthetic","9606","4","No","No","No","No","1"
"Synthetic Condensate 000320","A13F0EB5","synthetic","9606","2","No","No","No","No","1"
"Synthetic Condensate 000321","348497F3","synthetic","0","2","No","No","No","No","1"
"Synthetic Condensate 000322","3F4CB227","synthetic","0","4","No","No","No","No","1"
"Synthetic Condensate 000323","4F7E7B13","synthetic","0","2","No","No","No","No","1"
"Synthetic Condensate 000324","8BB8BA7F","synthetic","9606","5","No","No","No","No","1"
"Synthetic Condensate 000325","76F9ED9B","synthetic","9606","4","No","No","No","No","1"
"Synthetic Condensate 000326","AF287C13","synthetic","9606","5","No","No","No","No","1"
"Synthetic Condensate 000327","28DCC277","synthetic","7227","3","No","No","No","No","1"
"Synthetic Condensate 000328","7230F6EA","synthetic","0","4","No","No","No","No","1"
"Synthetic Condensate 000329","8339491E","synthetic","559292","2","No","No","No","No","1"
"Synthetic Condensate 000330","735EA068","synthetic","0","3","No","No","No","No","1"
"Synthetic Condensate 000331","AC924507","synthetic","9606","2","No","No","No","No","1"
"Synthetic Condensate 000332","6697AF75","synthetic","559292","2","No","No","No","No","1"
"Synthetic Condensate 000333","D12D7489","synthetic","559292","2","No","No","No","No","1"
"Synthetic Condensate 000334","15E34471","synthetic","9606","2","No","No","No","No","1"
"Synthetic Condensate 000335","54B206F5","synthetic","562","2","No","No","No","No","1"
"Synthetic Condensate 000336","19512460","synthetic","7227","6","No","No","No","No","1"
"Synthetic Condensate 000337","CB5AE2BC","synthetic","10090","2","No","No","No","No","1"
"Synthetic Condensate 000338","98C8800A","synthetic","9606","2","No","No","Yes","No","1"
"Synthetic Condensate 000339","4A9B7D75","synthetic","3702","3","No","No","No","No","1"
"Synthetic Condensate 000340","477BAC9B","synthetic","7227","8","No","No","No","No","1"
"Synthetic Condensate 000341","4081D115","synthetic","559292","3","No","No","No","No","1"
"Synthetic Condensate 000342","45F3D8EC","synthetic","0","4","No","No","No","No","1"
"Synthetic Condensate 000343","E7338DBF","synthetic","559292","3","No","No","No","No","1"
"Synthetic Condensate 000344","35D5A3ED","synthetic","559292","2","No","No","No","No","1"
"Synthetic Condensate 000345","097E35FD","synthetic","0","2","No","No","No","No","1"
"Synthetic Condensate 000346","24B12ACB","synthetic","9606","2","No","No","No","No","1"
"Synthetic Condensate 000347","A12AD357","synthetic","0","3","No","No","No","No","1"
"Synthetic Condensate 000348","04340D3C","synthetic","1140","3","No","No","No","No","1"
"Synthetic Condensate 000349","4CAAAA97","synthetic","9606","2","No","No","No","No","1"
"Synthetic Condensate 000350","0A6B6B10","synthetic","9606","2","No","No","No","No","1"
"Synthetic Condensate 000351","9E21F925","synthetic","9606","2","No","No","No","No","1"
"Synthetic Condensate 000352","2958074C","synthetic","9606","2","No","No","No","No","1"
"Synthetic Condensate 000353","67BDE49F","synthetic","9606","2","No","No","No","No","1"
"Synthetic Condensate 000354","96C56C72","synthetic","103690","2","No","No","No","No","1"
"Synthetic Condensate 000355","7EE86442","synthetic","559292","2","No","No","No","No","1"
"Synthetic Condensate 000356","E6406A9A","synthetic","9606","2","No","No","No","No","1"
"Synthetic Condensate 000357","F50842E4","synthetic","9606","2","No","No","No","No","1"
"Synthetic Condensate 000358","7E3E5BC3","synthetic","3055","4","No","No","No","No","1"
"Synthetic Condensate 000359","2A09918C","synthetic","9606","2","No","No","No","No","1"
"Synthetic Condensate 000360","69B7DAF2","synthetic","0","2","No","No","No","No","1"
"Synthetic Condensate 000361","0AEBFC12","synthetic","9606","2","No","No","No","No","1"
"Synthetic Condensate 000362","D3B9EAFD","synthetic","9606","3","No","No","No","No","1"
"Synthetic Condensate 000363","44FCF654","synthetic","9606","4","No","No","No","No","1"
"Synthetic Condensate 000364","48DB1DAF","synthetic","9606","2","No","No","No","No","1"
"Synthetic Condensate 000365","3B1261D3","synthetic","9606","2","No","No","No","No","1"
"Synthetic Condensate 000366","208F8600","synthetic","9606","2","No","No","No","No","1"
"Synthetic Condensate 000367","C4E5D2FC","synthetic","9606","2","No","No","No","No","1"
"Synthetic Condensate 000368","890CF536","synthetic","9606","2","No","No","No","No","1"
"Synthetic Condensate 000369","B5F9EA4E","synthetic","9606","2","No","No","No","No","1"
"Synthetic Condensate 000370","1A0651A8","synthetic","9606","3","No","No","No","No","1"
"Synthetic Condensate 000371","FE3CB95B","synthetic","9606","3","No","No","No","No","1"
"Synthetic Condensate 000372","5F622AE2","synthetic","559292","6","No","No","No","No","1"
"Synthetic Condensate 000373","9B5E283A","synthetic","9606","6","No","No","No","No","1"
"Synthetic Condensate 000374","9B5B2FB8","synthetic","9606","2","No","No","No","No","1"
"Synthetic Condensate 000375","E1879998","synthetic","9606","10","No","No","No","No","1"
"Synthetic Condensate 000376","BBD49DEB","synthetic","9606","1","No","No","No","No","3"
"Synthetic Condensate 000377","FB44DE0F","synthetic","9606","1","No","No","No","No","3"
"Synthetic Condensate 000378","763F4AA2","synthetic","10090","1","No","No","No","No","3"
"Synthetic Condensate 000379","3FEF42AA","synthetic","9606","2","No","No","No","No","4"
"Synthetic Condensate 000380","942898C4","synthetic","9606","1","No","No","No","No","3"
"Synthetic Condensate 000381","500D12F1","synthetic","9606","1","No","No","No","No","3"
"Synthetic Condensate 000382","F1AC7DF2","synthetic","9606","1","No","No","No","No","3"
"Synthetic Condensate 000383","93BC9B9E","synthetic","9606","2","No","No","No","No","3"
"Synthetic Condensate 000384","FF8F0FD5","synthetic","9606","1","No","No","No","No","4"
"Synthetic Condensate 000385","FBE2A4AB","synthetic","9606","1","No","No","No","No","3"
"Synthetic Condensate 000386","8188F968","synthetic","9606","2","No","No","No","No","3"
"Tam body","7CAF9006","biomolecular","559292","11","No","Yes","No","No","1"
"Tau Condensate","03D56D03","biomolecular","9606","5","No","Yes","Yes","Yes","3"
"Tau inclusion","E94C8F89","biomolecular","10090","1","No","Yes","No","No","1"
"TAZ Condensate","BB266630","biomolecular","9606","8","No","Yes","No","No","4"
"TBC1D2B condensate","2EABBFCD","biomolecular","9606","1","No","No","No","No","4"
"T-cell signalosome","36896B46","biomolecular","9606","3","No","No","No","No","5"
"TDP-25 inclusions","C4C56ED2","biomolecular","9606","1","No","No","No","No","4"
"TIAR2 neuronal granule","1C3173BF","biomolecular","6239","1","No","No","No","No","5"
"TIFA-TRAF6 condensate","88626044","biomolecular","0","2","No","No","No","No","4"
"TIFA-TRAF6 Condensate","437BC32B","biomolecular","9606","7","No","No","No","No","4"
"+TIP","EA3337F5","biomolecular","9606","3","No","No","No","No","5"
"+TIP body","9095A454","biomolecular","284812","3","No","No","No","No","3"
"+TIP body","F813C9D9","biomolecular","559292","3","No","No","No","No","5"
"TIS granule","ACCC2039","biomolecular","9606","1","No","Yes","No","No","4"
"TopBP1 condensate","C4912696","biomolecular","9606","1","Yes","No","Yes","No","4"
"Transcriptional condensate","88794875","biomolecular","4081","1","Yes","No","No","No","1"
"Transcriptional condensate","BE14A044","biomolecular","559292","4","No","Yes","No","No","3"
"Transcriptional condensate","D9A36668","biomolecular","10090","8","Yes","No","No","No","5"
"Transcriptional condensate","1E246C77","biomolecular","237561","4","Yes","No","No","No","1"
"Transcriptional condensate","38EC0B30","biomolecular","9606","41","No","Yes","Yes","Yes","1"
"Transcriptional condensates","7C5C94C0","biomolecular","83333","3","No","No","No","No","1"
"Transcription condensate","662EAB36","biomolecular","7955","4","Yes","Yes","No","No","5"
"Transcription Elongation Condensate","7C2F7184","biomolecular","9606","8","Yes","Yes","No","No","4"
"Translational Condensate","E2C825DB","biomolecular","559292","4","No","Yes","No","No","4"
"Trbd","0BB92809","biomolecular","7227","1","No","No","No","No","5"
"TRIM45 bodies","D5A5F0CB","biomolecular","9606","1","No","No","No","No","4"
"U-body","A086309B","biomolecular","7227","4","No","Yes","No","No","5"
"U-body","91E14AE1","biomolecular","9606","1","No","No","No","No","1"
"Ubqln puncta","EB3EADD3","biomolecular","9606","3","No","No","No","No","4"
"Viral factory","54D84D15","infectious","9606","5","No","No","No","No","4"
"Viral Factory","75451661","infectious","9606","2","No","No","No","Yes","4"
"viral replication compartment (VRC)","B3E5E6A1","infectious","9606","5","Yes","No","No","No","4"
"viral replication compartment (VRC)","66E96190","infectious","9606","2","No","Yes","No","No","4"
"viral replication compartment (VRC)","F289E8A4","biomolecular","10315","1","No","No","No","No","5"
"Virus-induced replication (VIR) condensate","8A33FC22","infectious","4100","1","No","No","No","No","4"
"VRN1 nuclear body","9BAE09A1","biomolecular","3702","1","Yes","No","No","No","5"
"WHI3 cluster","F0168FE2","biomolecular","559292","1","No","No","No","No","4"
"WNK body","62836ADF","biomolecular","10090","4","No","No","No","No","4"
"Yb-body","DB0924F8","biomolecular","7227","4","No","Yes","No","No","1"
"YBX1 condensate","5253F164","biomolecular","9606","1","No","Yes","No","No","4"
"Z-granule","060EE9EF","biomolecular","6239","3","No","Yes","No","No","1"
"ZNFX1 condensate","86762C76","biomolecular","9606","2","No","No","No","No","1"
"α-synnuclein condensates","6ECDA717","biomolecular","9606","1","No","No","Yes","No","4"
"α-synuclein condensates","97270867","biomolecular","10090","3","No","No","No","Yes","5"
"α-synuclein condensates","B4E97D43","biomolecular","9606","3","No","No","Yes","Yes","4"